slot,root_id,super_class,class,sub_class,cell_type,hemibrain_type,consolidated_type,side,nerve,nt,sign
0,720575940603943456,central,CX,columnar,,"vDeltaA,vDeltaB,vDeltaC,vDeltaD,vDeltaE,vDeltaJ,vDeltaK,vDeltaL,vDeltaM",vDeltaA_a,left,,ACH,1
1,720575940603976672,central,,,,CL258,CL258,left,,ACH,1
2,720575940604427180,central,,,CB3660,,CB3660,left,,GLUT,-1
3,720575940604821950,central,,,CB3577,,CB3577,right,,ACH,1
4,720575940604866476,central,,,PS004b,PS004,PS004b,right,,GLUT,-1
5,720575940605078560,central,ALLN,,v2LNX01,,v2LNX01,right,,GLUT,-1
6,720575940605118142,central,,,CB1605,,CB1605,left,,ACH,1
7,720575940605916896,central,,,,AVLP026,AVLP026,left,,ACH,1
8,720575940606514878,central,,,CB2018,,CB2018,right,,GABA,-1
9,720575940606680706,central,Kenyon_Cell,,KCapbp-ap1,KCab-ap1,KCapbp-ap1,right,,ACH,1
10,720575940606739634,central,,,CB2000,,CB2000,left,,ACH,1
11,720575940606745266,central,ALLN,,CB1473,,CB1473,left,,GABA,-1
12,720575940606926466,central,,,,SAD016,SAD016,right,,GABA,-1
13,720575940606967682,central,Kenyon_Cell,,,KCg-m,KCg-m,right,,ACH,1
14,720575940607227228,central,CX,,,PFNa,PFNa,left,,ACH,1
15,720575940607345074,central,,,CB1741,,CB1741,right,,ACH,1
16,720575940607621131,central,,,,AVLP548_b,AVLP548_b,left,,GLUT,-1
17,720575940607805020,central,,,CB1053,,CB1053,right,,ACH,1
18,720575940607814492,central,LHLN,,CB2731,,CB2731,right,,GABA,-1
19,720575940607919113,central,,,,PLP155,PLP155,right,,ACH,1
20,720575940608237013,central,,,CB2656,,CB2656,right,,ACH,1
21,720575940608327298,central,,,CB0381,,CB0381,right,,ACH,1
22,720575940608628419,central,ALPN,uniglomerular,,VM7v_adPN,VM7v_adPN,right,,ACH,1
23,720575940608978901,central,,,CB3314,,CB3314,left,,GABA,-1
24,720575940608984277,central,,,CB3357,,CB3357,left,,ACH,1
25,720575940609102531,central,,,,CL104,CL104,right,,ACH,1
26,720575940609179331,central,Kenyon_Cell,,,KCg-m,KCg-m,right,,ACH,1
27,720575940609399506,central,Kenyon_Cell,,KCapbp-ap2,KCab-ap2,KCapbp-ap2,left,,ACH,1
28,720575940609825230,central,,,CB1823,,CB1823,right,,GLUT,-1
29,720575940609826168,central,,,CB3452,,CB3452,right,,ACH,1
30,720575940609913646,central,CX,tangential,CB.FB1E0,,FB1E,right,,GLUT,-1
31,720575940609989070,central,CX,columnar,,"FS4A,FS4B,FS4C",FS4A,left,,ACH,1
32,720575940610052266,central,ALPN,uniglomerular,,DA2_lPN,DA2_lPN,right,,ACH,1
33,720575940610199138,central,,,CB2095,,CB2095,right,,GLUT,-1
34,720575940610450418,central,,,,,CB3919,center,,GABA,-1
35,720575940610649464,central,Kenyon_Cell,,KCab,KCab-c,KCab,left,,ACH,1
36,720575940610757859,central,,,,AVLP194,AVLP194_a,right,,ACH,1
37,720575940610978929,central,,,CB2850,,CB4130,right,,GLUT,-1
38,720575940611102578,central,Kenyon_Cell,,KCab,KCab-s,KCab,left,,ACH,1
39,720575940611124246,central,,,,"PLP041,PLP043",PLP041,right,,GLUT,-1
40,720575940611232370,central,CX,columnar,,FR2,FR2,right,,ACH,1
41,720575940611308259,central,CX,columnar,,"vDeltaA,vDeltaB,vDeltaC,vDeltaD,vDeltaE,vDeltaJ,vDeltaK,vDeltaL,vDeltaM",vDeltaD,left,,ACH,1
42,720575940611403226,central,,,,WEDPN2B,WEDPN2B,right,,GABA,-1
43,720575940611514261,central,,,,,LHAV4c1,left,,GABA,-1
44,720575940611520947,central,,,CB0973,,CB0973,left,,GLUT,-1
45,720575940611521778,central,,,,AVLP121,AVLP121,right,,ACH,1
46,720575940611557785,central,ALPN,multiglomerular,,M_lvPNm44,M_lvPNm44,left,,ACH,1
47,720575940611839155,central,,,CB1012,,CB1012,left,,GLUT,-1
48,720575940611888337,central,,,CB2433,,CB2433,left,,ACH,1
49,720575940611998578,central,,,CB3123,LHAV4e7,CB3123,left,,GLUT,-1
50,720575940612015217,central,,,CB0656,hb-386829647,CB0656,left,,ACH,1
51,720575940612105139,central,,,,SIP076,SIP076,left,,ACH,1
52,720575940612127706,central,,,CB1240,,CB1240,right,,ACH,1
53,720575940612331250,central,,,CB1126,,CB1126,left,,GLUT,-1
54,720575940612478383,central,,,CB2198,,CB2198,left,,GLUT,-1
55,720575940612551594,central,ALPN,multiglomerular,,M_l2PNm14,M_l2PNm14,left,,ACH,1
56,720575940612557479,central,,,,WED145,WED145,left,,ACH,1
57,720575940612869746,central,,,,SLP364,SLP364,left,,GLUT,-1
58,720575940612899990,central,,,"PS023b,PS024b","PS023,PS024",PS023b,right,,ACH,1
59,720575940612910486,central,Kenyon_Cell,,KCab,KCab-m,KCab,left,,ACH,1
60,720575940612940269,central,,,,PVLP008,PVLP008,right,,GLUT,-1
61,720575940612957802,central,,,CB1794,,CB1794,right,,GLUT,-1
62,720575940612980990,central,Kenyon_Cell,,,KCg-d,KCg-d,left,,ACH,1
63,720575940613229718,central,,,CB1918,,CB1918,left,,GABA,-1
64,720575940613327358,central,CX,columnar,,"FS4A,FS4B,FS4C",FS4A,right,,ACH,1
65,720575940613359266,central,Kenyon_Cell,,KCapbp-m,KCab-m,KCapbp-m,left,,ACH,1
66,720575940613386050,central,Kenyon_Cell,,KCab,KCab-s,KCab,right,,ACH,1
67,720575940613444202,central,,,CB1641,,CB1641,left,,GLUT,-1
68,720575940613458669,central,,,,"CL121,CL122",CB3978,right,,GABA,-1
69,720575940613579943,central,ALPN,uniglomerular,,DC4_adPN,DC4_adPN,left,,ACH,1
70,720575940613711614,central,CX,tangential,CB.FB8D2,FB8E,FB8E,right,,GLUT,-1
71,720575940613786786,central,,,,SMP246,SMP246,right,,ACH,1
72,720575940613843522,central,,,,PVLP007,PVLP007,right,,GLUT,-1
73,720575940613863731,central,,,,"LAL191,LAL192",LAL192,right,,ACH,1
74,720575940613884926,central,,,CB1977,,CB1977,left,,ACH,1
75,720575940613950530,central,,,CB3150,,CB3150,left,,ACH,1
76,720575940613994134,central,,,,,CB3909,left,,ACH,1
77,720575940614331619,central,,,,SLP101,SLP101,right,,GLUT,-1
78,720575940614349974,central,,,CB0186,,CB0186,left,,ACH,1
79,720575940614423038,central,,,CB1524,,CB1524,left,,ACH,1
80,720575940614495093,central,Kenyon_Cell,,,KCg-m,KCg-m,right,,ACH,1
81,720575940614681128,central,,,,PS198,PS197,right,,ACH,1
82,720575940614713356,central,,,,"PLP185,PLP186",PLP185,right,,GLUT,-1
83,720575940614753653,central,,,CB1297,,CB1297,left,,ACH,1
84,720575940614781546,central,Kenyon_Cell,,,KCg-m,KCg-m,left,,ACH,1
85,720575940614785130,central,Kenyon_Cell,,,KCg-m,KCg-m,left,,ACH,1
86,720575940614870066,central,,,,LAL188,LAL188,left,,ACH,1
87,720575940615011782,central,,,CB0955,,CB0955,right,,ACH,1
88,720575940615166570,central,,,,AVLP409,AVLP409,left,,ACH,1
89,720575940615180255,central,,,CB1306,,CB1306,right,,ACH,1
90,720575940615226086,central,,,CB3631,,CB3631,left,,ACH,1
91,720575940615245107,central,,,CB2071,,CB2071,left,,ACH,1
92,720575940615263371,central,,,CB3180,,CB3180,left,,GLUT,-1
93,720575940615577542,central,Kenyon_Cell,,,KCg-m,KCg-m,left,,ACH,1
94,720575940615631266,central,,,,LAL101,LAL101,right,,GABA,-1
95,720575940615786897,central,,,CB2251,,CB2251,right,,GABA,-1
96,720575940615799308,central,,,,SMP109,SMP109,left,,ACH,1
97,720575940615888897,central,,,,SMP323,SMP323,right,,ACH,1
98,720575940615894614,central,,,CB3351,,CB3351,left,,GABA,-1
99,720575940615941062,central,,,CB1300,,CB1300,right,,ACH,1
100,720575940615951163,central,,,CB1327,,CB1327,left,,ACH,1
101,720575940615984596,central,TuBu,,,TuBu08,TuBu09,left,,ACH,1
102,720575940616070283,central,,,,SMP459,SMP459,left,,ACH,1
103,720575940616169578,central,ALLN,,,lLN2T_b,lLN2T_b,left,,SER,1
104,720575940616203637,central,,,CB2534,,CB2534,right,,ACH,1
105,720575940616455483,central,,,CB0981,,CB0981,right,,GABA,-1
106,720575940616457670,central,,,SMP569b,SMP569,SMP569b,left,,ACH,1
107,720575940616511961,central,,,SMP570b,SMP570,SMP570b,left,,ACH,1
108,720575940616525429,central,,,,LHAV2g2,LHAV2g2_b,left,,ACH,1
109,720575940616546205,central,,,CB1200,,CB1200,left,,ACH,1
110,720575940616657989,central,CX,columnar,,FC2C,FC2C,left,,ACH,1
111,720575940616887966,central,Kenyon_Cell,,KCab,KCab-m,KCab,right,,ACH,1
112,720575940616936731,central,,,,PLP115_b,PLP115_b,right,,ACH,1
113,720575940617276889,central,,,,PVLP008,PVLP008,right,,GLUT,-1
114,720575940617279489,central,,,,WED151,WED151,right,,ACH,1
115,720575940617319097,central,,,CB1327,,CB1327,left,,ACH,1
116,720575940617337413,central,CX,columnar,,"vDeltaA,vDeltaB,vDeltaC,vDeltaD,vDeltaE,vDeltaJ,vDeltaK,vDeltaL,vDeltaM",vDeltaK,right,,ACH,1
117,720575940617362392,central,,,CB2430,,CB2430,left,,GABA,-1
118,720575940617453083,central,,,CB3434,,CB3434,right,,ACH,1
119,720575940617476386,central,,,CB2089,,CB2089,left,,ACH,1
120,720575940617534235,central,Kenyon_Cell,,,KCg-m,KCg-m,left,,ACH,1
121,720575940617577617,central,,,,"ATL017,ATL018",ATL017,left,,SER,1
122,720575940617672920,central,,,,PS172,PS172,right,,GLUT,-1
123,720575940617820929,central,Kenyon_Cell,,,KCg-m,KCg-m,left,,ACH,1
124,720575940617898456,central,mAL,,mAL,"mAL1,mAL2A,mAL2B,mAL3A,mAL3B,mAL4,mAL5A,mAL5B,mAL6",mAL_f2,left,,GABA,-1
125,720575940617917760,central,ALPN,uniglomerular,,VM3_adPN,VM3_adPN,right,,ACH,1
126,720575940617938752,central,ALLN,,CB1473,,CB1473,left,,GABA,-1
127,720575940618245797,central,,,CB1109,,CB1109,left,,ACH,1
128,720575940618292416,central,,,,WEDPN1A,WEDPN1A,left,,GABA,-1
129,720575940618409797,central,,,CB1076,,CB1076,right,,ACH,1
130,720575940618469725,central,Kenyon_Cell,,KCapbp-m,KCab-m,KCapbp-m,left,,ACH,1
131,720575940618570661,central,TuBu,,TuBu01a,TuBu01,TuBu01a,right,,ACH,1
132,720575940618627377,central,CX,,,PFNa,PFNa,right,,ACH,1
133,720575940618700573,central,Kenyon_Cell,,KCapbp-m,KCab-m,KCapbp-m,left,,ACH,1
134,720575940618849877,central,,,CB3163,,CB3163,left,,GLUT,-1
135,720575940618884289,central,,,,WED162,WED162,right,,ACH,1
136,720575940618942923,central,,,,CL014,CL014,right,,GLUT,-1
137,720575940618945985,central,CX,tangential,CB.FB6E3,,FB6C,left,,GLUT,-1
138,720575940618955344,central,,,SLP300b,SLP300,SLP300b,right,,GLUT,-1
139,720575940618995510,central,,,CB0221,,CB0221,left,,ACH,1
140,720575940619203925,central,ALPN,multiglomerular,,M_vPNml53,M_vPNml53,left,,GABA,-1
141,720575940619205103,central,Kenyon_Cell,,KCab,KCab-s,KCab,left,,ACH,1
142,720575940619211361,central,,,CB1042,,CB1042,right,,GABA,-1
143,720575940619376519,central,,,,LHPV5a5,LHPV5a5,left,,ACH,1
144,720575940619412544,central,,,,AVLP263,AVLP263,right,,ACH,1
145,720575940619423398,central,Kenyon_Cell,,,KCg-m,KCg-m,left,,ACH,1
146,720575940619428272,central,CX,columnar,,"vDeltaA,vDeltaB,vDeltaC,vDeltaD,vDeltaE,vDeltaJ,vDeltaK,vDeltaL,vDeltaM",vDeltaM,left,,ACH,1
147,720575940619536331,central,,,,CL003,CL003,right,,GLUT,-1
148,720575940619565632,central,,,CB3037,,CB3037,left,,GLUT,-1
149,720575940619597761,central,Kenyon_Cell,,,KCg-m,KCg-m,right,,ACH,1
150,720575940619670465,central,,,CB2342,,CB2342,left,,GLUT,-1
151,720575940619675200,central,,,LAL144a,LAL144,LAL144a,left,,ACH,1
152,720575940619693003,central,Kenyon_Cell,,KCab,KCab-m,KCab,right,,ACH,1
153,720575940619738612,central,,,CB3587,,CB3587,right,,GABA,-1
154,720575940619814997,central,,,SMP075b,SMP075,SMP075b,right,,GLUT,-1
155,720575940619875060,central,,,CB2736,,CB2736,right,,GLUT,-1
156,720575940619970586,central,Kenyon_Cell,,,KCg-m,KCg-m,right,,ACH,1
157,720575940620010887,central,,,,CL152,CL152,left,,GLUT,-1
158,720575940620014203,central,CX,,,PFR,PFR,left,,SER,1
159,720575940620159070,central,,,CB1171,,CB1171,right,,GLUT,-1
160,720575940620197759,central,,,CB1654,,CB1654,left,,ACH,1
161,720575940620252075,central,,,,LHPV4m1,LHPV4m1,right,,ACH,1
162,720575940620299373,central,,,,CL090_c,CL090_c,left,,ACH,1
163,720575940620300737,central,,,CB2447,,CB2447,left,,ACH,1
164,720575940620402345,central,,,CB2357,,CB2357,right,,GABA,-1
165,720575940620529268,central,,,SLP028b,SLP028,SLP028b,right,,GLUT,-1
166,720575940620581748,central,,,,SAD021_a,SAD021_a,right,,GABA,-1
167,720575940620622691,central,ALPN,multiglomerular,CB3457,,CB3457,right,,GABA,-1
168,720575940620625646,central,,,CB0930,,CB0930,right,,ACH,1
169,720575940620654452,central,,,CB1368,,CB1368,left,,GLUT,-1
170,720575940620767414,central,,,SMPp&v1A_S03,SMP336,SMPp&v1A_S03,left,,GLUT,-1
171,720575940620799397,central,,,CB2514,,CB2514,left,,ACH,1
172,720575940620822593,central,Kenyon_Cell,,KCapbp-ap2,KCab-ap2,KCapbp-ap2,right,,ACH,1
173,720575940620830448,central,,,,PS209,PS209,right,,ACH,1
174,720575940620931312,central,ALPN,multiglomerular,,"VP5+_l2PN,VP5+VP2_l2PN",VP5+_l2PN,left,,ACH,1
175,720575940621042928,central,,,,CL115,CL115,left,,GABA,-1
176,720575940621101481,central,,,,CL086_e,CL086_e,left,,ACH,1
177,720575940621230739,central,,,CB2574,,CB2574,left,,ACH,1
178,720575940621325150,central,,,,SMP286,SMP286,right,,GLUT,-1
179,720575940621341716,central,CX,ring_neuron,,ER2,ER2,left,,GABA,-1
180,720575940621355759,central,,,CB1779,,CB1779,left,,ACH,1
181,720575940621437093,central,,,,IB051,IB051,left,,ACH,1
182,720575940621441494,central,ALLN,,,v2LN33,v2LN33,right,,GLUT,-1
183,720575940621463334,central,,,CB0975,,CB0975,left,,ACH,1
184,720575940621640150,central,,,CB3607,,CB3607,left,,ACH,1
185,720575940621708638,central,Kenyon_Cell,,KCab,KCab-c,KCab,left,,ACH,1
186,720575940621741556,central,,,CB3374,,CB3374,right,,ACH,1
187,720575940621755124,central,LHCENT,,,LHCENT13,LHCENT13_a,left,,GABA,-1
188,720575940621773406,central,,,CB3257,,CB3257,left,,ACH,1
189,720575940621825630,central,DAN,,,PAM11,PAM11,left,,DA,1
190,720575940621871228,central,,,CB2881,,CB2881,right,,GLUT,-1
191,720575940621922398,central,Kenyon_Cell,,KCab,KCab-s,KCab,right,,ACH,1
192,720575940621939071,central,ALIN,,,ALIN2,ALIN2,left,,GLUT,-1
193,720575940621951514,central,,,CB3219,,CB3219,left,,ACH,1
194,720575940621952425,central,Kenyon_Cell,,,KCg-m,KCg-m,left,,ACH,1
195,720575940621953118,central,,,,,,left,,ACH,1
196,720575940622018217,central,,,,LAL040,LAL040,left,,GABA,-1
197,720575940622054497,central,ALLN,,,lLN2P_a,lLN2P_a,left,,GLUT,-1
198,720575940622082913,central,,,,PLP181,PLP181,left,,GLUT,-1
199,720575940622214920,central,,,,PLP190,PLP190,left,,ACH,1
200,720575940622247861,central,,,CB0129,,CB0129,left,,ACH,1
201,720575940622293227,central,,,CB2624,,CB2624,left,,ACH,1
202,720575940622362109,central,,,CB0977,,CB0977,right,,GLUT,-1
203,720575940622404632,central,,,CB1178,,CB1178,left,,GLUT,-1
204,720575940622525654,central,,,CB2034,,CB2034,right,,ACH,1
205,720575940622546323,central,,,CB1414,,CB1414,left,,GABA,-1
206,720575940622556085,central,,,CB1997,,CB1997,right,,GLUT,-1
207,720575940622558941,central,Kenyon_Cell,,,KCg-m,KCg-m,right,,ACH,1
208,720575940622584534,central,,,,,CB3899,center,,GLUT,-1
209,720575940622597078,central,,,CB1770,,s-CPDN3A,left,,GLUT,-1
210,720575940622715909,central,,,CB3651,,CB3651,left,,ACH,1
211,720575940622793707,central,,,CB2434,,CB2434,left,,GLUT,-1
212,720575940622821325,central,Kenyon_Cell,,KCab,KCab-m,KCab,right,,ACH,1
213,720575940622879882,central,,,CB0779,,CB0779,right,,GABA,-1
214,720575940622930957,central,Kenyon_Cell,,,KCg-m,KCg-m,right,,ACH,1
215,720575940623004711,central,CX,columnar,,hDeltaF,hDeltaF,left,,ACH,1
216,720575940623042440,central,,,,SLP188,SLP188,left,,GABA,-1
217,720575940623083519,central,,,,"SMP602,SMP094",SMP094,left,,GLUT,-1
218,720575940623171308,central,,,,,,left,,ACH,1
219,720575940623228967,central,,,,PS170,PS170,left,,ACH,1
220,720575940623307447,central,ALPN,multiglomerular,CB1321,"VP1m+VP2_lvPN1,VP1m+VP2_lvPN2",CB1321,left,,ACH,1
221,720575940623356651,central,,,,SMP447,SMP447,right,,GLUT,-1
222,720575940623454216,central,,,,PVLP033,PVLP033,left,,GABA,-1
223,720575940623495421,central,,,CB1502,,CB1502,left,,GABA,-1
224,720575940623498476,central,CX,,,"PFNm,PFNp",PFNm,left,,ACH,1
225,720575940623619335,central,TuBu,,,TuBu02,TuBu02,left,,ACH,1
226,720575940623748298,central,,,CB1660,,CB1660,right,,GLUT,-1
227,720575940623879312,central,Kenyon_Cell,,KCab,KCab-s,KCab,left,,ACH,1
228,720575940623881872,central,Kenyon_Cell,,KCab,KCab-s,KCab,left,,ACH,1
229,720575940623972610,central,,,CB1384,,CB1384,left,,ACH,1
230,720575940624021483,central,Kenyon_Cell,,KCapbp-m,KCab-m,KCapbp-m,left,,ACH,1
231,720575940624031946,central,,,CB1365,,CB1365,right,,GLUT,-1
232,720575940624046153,central,Kenyon_Cell,,,KCg-m,KCg-m,left,,ACH,1
233,720575940624103612,central,,,,PS176,PS176,right,,GLUT,-1
234,720575940624125477,central,,,CB1468,,CB1468,left,,ACH,1
235,720575940624157675,central,Kenyon_Cell,,,KCg-m,KCg-m,right,,ACH,1
236,720575940624166680,central,,,CB2927,,CB2927,left,,ACH,1
237,720575940624200962,central,,,CB1896,,CB1896,left,,ACH,1
238,720575940624209741,central,,,SLP300a,SLP300,SLP300a,right,,GLUT,-1
239,720575940624266128,central,,,CB3032,,CB3032,right,,GABA,-1
240,720575940624355113,central,,,SLP300a,SLP300,SLP300a,right,,GLUT,-1
241,720575940624392220,central,Kenyon_Cell,,KCab,KCab-m,KCab,right,,ACH,1
242,720575940624428019,central,Kenyon_Cell,,,KCg-m,KCg-m,right,,ACH,1
243,720575940624449573,central,,,CB1423,,CB1423,left,,SER,1
244,720575940624494058,central,,,,VES019,VES019,left,,GABA,-1
245,720575940624514599,central,,,,LHAV2g3,LHAV2g2_a,left,,ACH,1
246,720575940624563187,central,,,CB2990,,CB2267_b,right,,ACH,1
247,720575940624593132,central,Kenyon_Cell,,,KCg-m,KCg-m,right,,ACH,1
248,720575940624642452,central,,,,LHAV2b7_a,CB2596,right,,ACH,1
249,720575940624824248,central,,,SMP284b,SMP284,SMP284b,right,,GLUT,-1
250,720575940625014928,central,ALPN,uniglomerular,,VA1v_adPN,VA1v_adPN,right,,ACH,1
251,720575940625019481,central,Kenyon_Cell,,KCab,KCab-m,KCab,left,,ACH,1
252,720575940625022270,central,ALPN,multiglomerular,,M_lPNm11D,M_lPNm11D,right,,ACH,1
253,720575940625084291,central,,,,WED100,WED100,left,,GLUT,-1
254,720575940625101841,central,,,,AOTU051,AOTU051,right,,GABA,-1
255,720575940625117498,central,,,,LAL094,LAL094,left,,GLUT,-1
256,720575940625157117,central,,,,,CB3895,right,,ACH,1
257,720575940625185317,central,,,CB0959,,CB0959,left,,GLUT,-1
258,720575940625286473,central,LHLN,,CB1664,,CB1664,left,,GABA,-1
259,720575940625296969,central,,,,CRE106,CRE106,left,,ACH,1
260,720575940625419036,central,,,,AVLP486,AVLP486,left,,GABA,-1
261,720575940625591042,central,,,CB2806,,CB2806,right,,ACH,1
262,720575940625617948,central,,,,IB110,IB110,left,,GLUT,-1
263,720575940625667365,central,Kenyon_Cell,,KCapbp-m,KCab-m,KCapbp-m,right,,ACH,1
264,720575940625689105,central,,,CB1616,,CB1616,left,,ACH,1
265,720575940625709464,central,,,CB1833,,CB1833,left,,GLUT,-1
266,720575940625711152,central,,,LHAV6a3,,LHAV6a3,right,,ACH,1
267,720575940625781541,central,Kenyon_Cell,,KCapbp-ap2,KCab-ap2,KCapbp-ap2,right,,ACH,1
268,720575940625800841,central,,,CB0929,,CB0929,right,,ACH,1
269,720575940625853477,central,Kenyon_Cell,,,KCg-m,KCg-m,left,,ACH,1
270,720575940625858536,central,,,CB2021,,CB2021,left,,ACH,1
271,720575940625926677,central,,,CB1761,,CB1761,right,,GABA,-1
272,720575940625929790,central,Kenyon_Cell,,KCab,KCab-c,KCab,left,,ACH,1
273,720575940625939801,central,Kenyon_Cell,,KCab,KCab-s,KCab,right,,ACH,1
274,720575940626013315,central,,,,PS010,PS010,left,,ACH,1
275,720575940626031108,central,,,,CL104,CL104,left,,ACH,1
276,720575940626143806,central,ALPN,uniglomerular,,V_ilPN,V_ilPN,right,,ACH,1
277,720575940626225941,central,Kenyon_Cell,,,KCg-m,KCg-m,right,,ACH,1
278,720575940626226946,central,,,,SIP015,CB4198,left,,GLUT,-1
279,720575940626243428,central,,,CB0240,,CB0240,left,,ACH,1
280,720575940626275656,central,Kenyon_Cell,,KCab,KCab-s,KCab,left,,ACH,1
281,720575940626287644,central,Kenyon_Cell,,,KCg-m,KCg-m,left,,ACH,1
282,720575940626316802,central,Kenyon_Cell,,,KCg-m,KCg-m,right,,ACH,1
283,720575940626326018,central,,,CB1017,,CB1017,left,,ACH,1
284,720575940626337555,central,,,CB1591,,CB1591,left,,ACH,1
285,720575940626365450,central,,,,SMP173,SMP173,right,,ACH,1
286,720575940626372733,central,,,CB2100,,CB2100,left,,ACH,1
287,720575940626454786,central,,,CB1359,,CB1359,right,,GLUT,-1
288,720575940626605211,central,CX,columnar,,"vDeltaA,vDeltaB,vDeltaC,vDeltaD,vDeltaE,vDeltaJ,vDeltaK,vDeltaL,vDeltaM",vDeltaB,right,,ACH,1
289,720575940626686282,central,,,CB2190,,CB2190,right,,GLUT,-1
290,720575940626709373,central,,,,"SMP602,SMP094",SMP094,right,,GLUT,-1
291,720575940626717461,central,,,CB3287,,CB3287,left,,ACH,1
292,720575940626717712,central,,,CB1762,,CB1762,left,,ACH,1
293,720575940626805777,central,,,,AVLP187,AVLP187,right,,ACH,1
294,720575940626844559,central,,,CB2623,,CB2623,right,,ACH,1
295,720575940626873160,central,,,CB0091,,CB0091,right,,GABA,-1
296,720575940626890852,central,,,CB0859,,CB0859,left,,GABA,-1
297,720575940626986539,central,,,SLP302a,SLP302,SLP302a,right,,GLUT,-1
298,720575940626994453,central,,,,CRE079,CRE079,right,,GLUT,-1
299,720575940627126354,central,,,CB3605,,CB3605,left,,ACH,1
300,720575940627170715,central,,,,LAL094,LAL094,left,,GLUT,-1
301,720575940627200923,central,Kenyon_Cell,,KCab,KCab-c,KCab,left,,ACH,1
302,720575940627206074,central,,,CB0771,,CB0771,right,,ACH,1
303,720575940627210373,central,Kenyon_Cell,,KCapbp-ap1,KCab-ap1,KCapbp-ap1,right,,ACH,1
304,720575940627326229,central,,,,LHPV11a1,LHPV11a1,right,,ACH,1
305,720575940627480586,central,ALPN,uniglomerular,,VM3_adPN,VM3_adPN,left,,ACH,1
306,720575940627514627,central,,,CB1397,,CB1397,right,,ACH,1
307,720575940627538664,central,,,CB3737,,CB3737,left,,ACH,1
308,720575940627558662,central,Kenyon_Cell,,,KCg-m,KCg-m,right,,ACH,1
309,720575940627558787,central,,,,CL089_b,CL089_b,right,,ACH,1
310,720575940627578615,central,,,,"AVLP096,AVLP256",AVLP096,left,,GABA,-1
311,720575940627594568,central,DAN,,,PPL103,PPL103,left,,DA,1
312,720575940627613801,central,,,CB2193,,CB2193,left,,GLUT,-1
313,720575940627701609,central,CX,ring_neuron,,ER3d,ER3d,left,,GABA,-1
314,720575940627708815,central,,,,LHPV4d3,LHPV4d3,left,,GLUT,-1
315,720575940627719184,central,ALPN,multiglomerular,CB3457,,CB3457,left,,GABA,-1
316,720575940627730206,central,CX,columnar,,PFGs,PFGs,right,,DA,1
317,720575940627757584,central,,,,IB060,IB060,right,,GABA,-1
318,720575940627828296,central,,,CB0885,,CB0885,left,,ACH,1
319,720575940627905223,central,Kenyon_Cell,,KCab,KCab-s,KCab,left,,ACH,1
320,720575940627908624,central,Kenyon_Cell,,KCab,KCab-m,KCab,right,,ACH,1
321,720575940628173623,central,,,,PLP113,PLP108,right,,ACH,1
322,720575940628182722,central,CX,,,"PFNm,PFNp",PFNp,left,,ACH,1
323,720575940628187074,central,,,,CL013,CL013,left,,GLUT,-1
324,720575940628224655,central,,,,"SMP258,SMP259,SMP260,SMP263,SMP264,SMP265",CB4242,left,,ACH,1
325,720575940628234599,central,,,CB2340,,CB2340,left,,ACH,1
326,720575940628256763,central,,,,LHAV4c2,LHAV4c2,right,,GABA,-1
327,720575940628309186,central,Kenyon_Cell,,KCab,KCab-s,KCab,right,,ACH,1
328,720575940628339611,central,,,,LAL017,LAL017,left,,ACH,1
329,720575940628400439,central,Kenyon_Cell,,KCab,KCab-c,KCab,left,,ACH,1
330,720575940628412145,central,,,,LHPV11a1,LHPV11a1,left,,ACH,1
331,720575940628485596,central,,,,PVLP094,PVLP094,left,,GABA,-1
332,720575940628519020,central,Kenyon_Cell,,KCab,KCab-m,KCab,right,,ACH,1
333,720575940628538494,central,,,CB3531,,CB3531,right,,ACH,1
334,720575940628576250,central,CX,columnar,,PFGs,PFGs,right,,SER,1
335,720575940628631612,central,CX,,,IbSpsP,IbSpsP,right,,ACH,1
336,720575940628698640,central,,,CB2232,,CB2232,right,,GLUT,-1
337,720575940628716926,central,,,CRE103a,CRE103,CRE103a,left,,ACH,1
338,720575940628763002,central,CX,,,"PFNm,PFNp",PFNm,right,,ACH,1
339,720575940628764437,central,,,CB3666,,CB3666,left,,GLUT,-1
340,720575940628775680,central,,,CB2884,,CB2884,right,,GLUT,-1
341,720575940628797717,central,,,PVLP082b,PVLP082,PVLP082b,left,,GLUT,-1
342,720575940628802042,central,Kenyon_Cell,,,KCg-m,KCg-m,left,,ACH,1
343,720575940628829352,central,LHLN,,CB2812,,CB2812,right,,GABA,-1
344,720575940628831482,central,CX,columnar,,FR1,FR1,left,,ACH,1
345,720575940628865644,central,,,,AVLP029,AVLP029,right,,GABA,-1
346,720575940628903980,central,,,LAL043c,LAL043,LAL043c,left,,GABA,-1
347,720575940628916730,central,,,CB2067,,CB2067,left,,GABA,-1
348,720575940628938231,central,,,,SLP102,SLP102,left,,GLUT,-1
349,720575940629044123,central,,,SMP215b,SMP215,SMP215b,right,,GLUT,-1
350,720575940629063418,central,,,CB3533,,CB3533,left,,ACH,1
351,720575940629106438,central,,,,"CL121,CL122",CL121_a,right,,GABA,-1
352,720575940629134396,central,,,,LAL110,LAL110,left,,ACH,1
353,720575940629226204,central,,,CB3328,,CB3328,left,,ACH,1
354,720575940629253625,central,,,,AVLP089,AVLP089,left,,GLUT,-1
355,720575940629267531,central,,,CB1342,,CB1342,left,,GABA,-1
356,720575940629339690,central,,,CB1781,,CB1781,right,,ACH,1
357,720575940629394885,central,,,CB0926,,CB0926,right,,ACH,1
358,720575940629438524,central,,,,SLP314,SLP314,right,,GLUT,-1
359,720575940629488578,central,,,CB1699,,CB1699,right,,GLUT,-1
360,720575940629681168,central,TuBu,,,"TuBu09,TuBu10",TuBu09,right,,ACH,1
361,720575940629725711,central,Kenyon_Cell,,KCab,KCab-s,KCab,right,,ACH,1
362,720575940629788012,central,Kenyon_Cell,,,KCg-m,KCg-m,right,,ACH,1
363,720575940629789562,central,,,CB3503,,CB3503,left,,ACH,1
364,720575940629804158,central,,,CB0827,,CB0827,left,,GLUT,-1
365,720575940629814060,central,Kenyon_Cell,,KCapbp-m,KCab-m,KCapbp-m,right,,ACH,1
366,720575940629989996,central,,,CB3439,,CB3439,left,,GLUT,-1
367,720575940630060539,central,Kenyon_Cell,,,KCg-m,KCg-m,left,,ACH,1
368,720575940630078348,central,Kenyon_Cell,,,KCg-m,KCg-m,right,,ACH,1
369,720575940630083962,central,,,,PS093,PS093,left,,GABA,-1
370,720575940630201401,central,,,CB3371,,CB3371,right,,GABA,-1
371,720575940630274678,central,,,CB0952,,CB0952,right,,ACH,1
372,720575940630281580,central,,,CB1683,,CB1683,left,,GLUT,-1
373,720575940630336057,central,Kenyon_Cell,,KCapbp-ap2,KCab-ap2,KCapbp-ap2,left,,ACH,1
374,720575940630357319,central,,,,PLP009,PLP009,left,,GLUT,-1
375,720575940630414331,central,,,CB2759,,CB2759,left,,ACH,1
376,720575940630460663,central,,,,PVLP006,PVLP006,left,,GLUT,-1
377,720575940630580217,central,,,CB2928,,CB2928,right,,ACH,1
378,720575940630598159,central,,,SLP467b,SLP467,SLP467b,right,,ACH,1
379,720575940630659781,central,LHLN,,LHPD3a2,,LHPD3a2,right,,GLUT,-1
380,720575940630735378,central,CX,columnar,,"vDeltaA,vDeltaB,vDeltaC,vDeltaD,vDeltaE,vDeltaJ,vDeltaK,vDeltaL,vDeltaM",vDeltaM,right,,ACH,1
381,720575940630736170,central,CX,tangential,CB.FB8C3,FB8D,FB8D,left,,GLUT,-1
382,720575940630742521,central,,,,PVLP008,PVLP008,right,,GLUT,-1
383,720575940630818242,central,,,CB1992,,CB1992,left,,ACH,1
384,720575940630899560,central,,,,aSP-g1,aSP-g1,left,,ACH,1
385,720575940630933266,central,,,,CL086_b,CL086_b,right,,ACH,1
386,720575940631017258,central,DAN,,,PAM04,PAM04,right,,DA,1
387,720575940631408199,central,Kenyon_Cell,,KCab,KCab-c,KCab,right,,ACH,1
388,720575940631420077,central,,,,SLP106,SLP106,right,,GLUT,-1
389,720575940631441145,central,,,,SAD036,SAD036,right,,GLUT,-1
390,720575940631457388,central,,,CB3470,,CB3470,left,,ACH,1
391,720575940631525004,central,,,CB2785,,CB2785,left,,GLUT,-1
392,720575940631542855,central,,,CB1420,,CB1420,left,,GLUT,-1
393,720575940631756136,central,Kenyon_Cell,,,KCg-m,KCg-m,right,,ACH,1
394,720575940631879193,central,Kenyon_Cell,,KCapbp-m,KCab-m,KCapbp-m,right,,ACH,1
395,720575940631934348,central,Kenyon_Cell,,,KCg-m,KCg-m,left,,ACH,1
396,720575940631957319,central,Kenyon_Cell,,,KCg-m,KCg-m,left,,ACH,1
397,720575940631968855,central,,,,WED057,WED057,right,,GABA,-1
398,720575940632032204,central,,,CB0599,,CB0599,right,,GABA,-1
399,720575940632104751,central,,,CB3685,,CB3685,right,,GABA,-1
400,720575940632190412,central,,,,PS115,PS115,left,,GLUT,-1
401,720575940632226897,central,,,,CL250,CL250,right,,ACH,1
402,720575940632252743,central,,,CB0493,,CB0493,left,,ACH,1
403,720575940632402588,central,CX,columnar,,PFGs,PFR_a,left,,DA,1
404,720575940632629304,central,,,CB3768,,CB3768,left,,ACH,1
405,720575940632745261,central,Kenyon_Cell,,,KCg-m,KCg-m,left,,ACH,1
406,720575940632932506,central,Kenyon_Cell,,KCab,KCab-c,KCab,right,,ACH,1
407,720575940633040223,central,Kenyon_Cell,,KCab,KCab-s,KCab,right,,ACH,1
408,720575940633074272,central,,,,SMP016,SMP016_b,left,,ACH,1
409,720575940633146475,central,Kenyon_Cell,,KCapbp-ap1,KCab-ap1,KCapbp-ap1,right,,ACH,1
410,720575940633215303,central,,,,SLP101,SLP101,left,,GLUT,-1
411,720575940633268575,central,,,AOTUv3B_P01,AOTU006,AOTUv3B_P01,left,,ACH,1
412,720575940633450351,central,LHLN,,CB2064,LHPV4a4,CB2064,right,,GLUT,-1
413,720575940633755828,central,Kenyon_Cell,,,KCg-m,KCg-m,left,,ACH,1
414,720575940633940947,central,,,,PLP144,PLP144,left,,GABA,-1
415,720575940634043640,central,CX,columnar,,"vDeltaF,vDeltaG,vDeltaH,vDeltaI",vDeltaJ,right,,ACH,1
416,720575940634166423,central,,,CB2670,,CB2670,left,,GLUT,-1
417,720575940634257890,central,,,CB0238,,CB0238,right,,ACH,1
418,720575940634461280,central,,,,SLP118,SLP118,left,,ACH,1
419,720575940634547682,central,,,,CL102,CL102,left,,ACH,1
420,720575940634575796,central,,,,LHPV5e2,LHPV5e2,right,,ACH,1
421,720575940634608791,central,Kenyon_Cell,,KCab,KCab-s,KCab,left,,ACH,1
422,720575940634679778,central,,,CB1033,,CB1033,left,,ACH,1
423,720575940634915576,central,,,CB2558,,CB2558,right,,ACH,1
424,720575940634975851,central,Kenyon_Cell,,,KCg-m,KCg-m,right,,ACH,1
425,720575940635280495,central,,,,"CL228,SMP491",CL228,left,,ACH,1
426,720575940635283630,central,,,CB2598,,CB2598,left,,ACH,1
427,720575940635341431,central,,,CB0815,hb-5812979054,CB0815,left,,ACH,1
428,720575940635353445,central,,,,"PS267,PS268,PS269",PS268,left,,ACH,1
429,720575940635354981,central,,,CB2814,,CB2814,left,,GLUT,-1
430,720575940635573367,central,,,,AVLP165,AVLP165,left,,ACH,1
431,720575940635690391,central,,,,,,left,,GLUT,-1
432,720575940635731063,central,LHLN,,LHAV4g1c,LHAV4g1_b,LHAV4g1c,left,,GABA,-1
433,720575940635733093,central,,,CB1417,,CB1417,right,,GABA,-1
434,720575940635837887,central,,,CB0204,,CB0204,left,,GABA,-1
435,720575940635954879,central,,,CB3485,,CB3485,left,,ACH,1
436,720575940636083319,central,,,,"AVLP253,AVLP254",AVLP253,right,,GABA,-1
437,720575940636345707,central,CX,tangential,CB.FBTI0,,FB1I,right,,GLUT,-1
438,720575940636380649,central,CX,,,PFNa,PFNa,right,,ACH,1
439,720575940636395610,central,CX,ring_neuron,,ER2,ER2,left,,GABA,-1
440,720575940636447630,central,Kenyon_Cell,,KCab,KCab-c,KCab,right,,ACH,1
441,720575940636505577,central,,,CB2642,,CB2642,right,,ACH,1
442,720575940636508644,central,Kenyon_Cell,,KCapbp-ap2,KCab-ap2,KCapbp-ap2,left,,ACH,1
443,720575940636524133,central,LHLN,,CB1943,,CB1943,left,,GLUT,-1
444,720575940636547561,central,Kenyon_Cell,,KCab,KCab-s,KCab,left,,ACH,1
445,720575940636644600,central,,,CB2929,,CB2929,left,,GLUT,-1
446,720575940636679989,central,,,CB1078,,CB1078,left,,ACH,1
447,720575940636928090,central,,,CB1761,,CB1761,left,,GABA,-1
448,720575940637165157,central,Kenyon_Cell,,,KCg-d,KCg-d,left,,ACH,1
449,720575940637387583,central,,,AVLP234a,AVLP234,AVLP234a,left,,ACH,1
450,720575940637475561,central,CX,columnar,,PFL1,PFL1,right,,ACH,1
451,720575940637477439,central,,,CB1604,,CB1604,right,,ACH,1
452,720575940637845934,central,ALLN,,CB1013,,CB1013,left,,GLUT,-1
453,720575940637907428,central,Kenyon_Cell,,KCab,KCab-c,KCab,right,,ACH,1
454,720575940637910106,central,ALPN,uniglomerular,,V_l2PN,V_l2PN,left,,ACH,1
455,720575940637922367,central,,,,CL126,CL126,right,,GLUT,-1
456,720575940638467200,central,Kenyon_Cell,,KCab,KCab-c,KCab,left,,ACH,1
457,720575940638559440,central,ALLN,,CB1013,,CB1013,right,,GLUT,-1
458,720575940638673478,central,,,,LHAV4a4,LHAV4a4,right,,GLUT,-1
459,720575940638763891,central,,,CB1456,,CB1456,right,,GLUT,-1
460,720575940638982478,central,,,,WEDPN8B,WEDPN8B,left,,ACH,1
461,720575940639056061,central,Kenyon_Cell,,,KCg-m,KCg-m,right,,ACH,1
462,720575940639100248,central,Kenyon_Cell,,,KCg-m,KCg-m,left,,ACH,1
463,720575940639267406,central,Kenyon_Cell,,,KCg-m,KCg-m,left,,ACH,1
464,720575940639292800,central,,,CB3199,,CB3199,right,,ACH,1
465,720575940639332480,central,,,,AVLP566,AVLP566,left,,ACH,1
466,720575940639368270,central,,,CB1114,,CB1114,right,,ACH,1
467,720575940639663824,central,,,CB1399,,CB1399,right,,GABA,-1
468,720575940639692605,central,,,CB3288,,CB3288,right,,GLUT,-1
469,720575940639747469,central,,,,AOTU062,AOTU062,right,,GABA,-1
470,720575940639748816,central,,,,SLP019,SLP019,right,,GLUT,-1
471,720575940639859920,central,,,CB3516,,CB3516,right,,ACH,1
472,720575940640006528,central,Kenyon_Cell,,,KCg-m,KCg-m,left,,ACH,1
473,720575940640494963,central,,,AVLP290a,AVLP290,AVLP290a,left,,ACH,1
474,720575940640578931,central,,,,ATL001,ATL001,right,,GLUT,-1
475,720575940640781019,central,,,,,,right,,SER,1
476,720575940641062901,central,DAN,,,PAM01,PAM01,left,,DA,1
477,720575940641613728,central,,,,CL016,SLP082,right,,GLUT,-1
478,720575940642634532,central,CX,,,EPG,EPG,left,,ACH,1
479,720575940642666971,central,,,,SAD093,SAD093,right,,ACH,1
480,720575940643031240,central,,,CB2919,,CB2919,right,,DA,1
481,720575940643356320,central,CX,columnar,,"FS4A,FS4B,FS4C",FS4A,right,,ACH,1
482,720575940643535982,central,CX,,,"PFNm,PFNp",PFNp,right,,ACH,1
483,720575940643542688,central,DAN,,,PAM14,PAM14,right,,DA,1
484,720575940643573284,central,,,,WED144,WED144,left,,ACH,1
485,720575940643783534,central,,,,LAL026,LAL026,left,,ACH,1
486,720575940643823816,central,Kenyon_Cell,,,KCg-d,KCg-d,left,,ACH,1
487,720575940644004768,central,ALPN,uniglomerular,,VM1_lPN,VM1_lPN,right,,ACH,1
488,720575940644279150,central,,,,WED026,WED026,left,,GABA,-1
489,720575940645771811,central,,,SMP361a,SMP361,SMP361a,right,,ACH,1
490,720575940645823876,central,CX,,,Delta7,Delta7,right,,GLUT,-1
491,720575940646508852,central,LHLN,,CB2111,,CB2111,right,,GLUT,-1
492,720575940648200068,central,,,,LHAD1a2,LHAD1a2,left,,ACH,1
493,720575940652580086,central,,,CB0020,,CB0020,left,,GABA,-1
494,720575940652734625,central,,,CB1171,,CB1171,right,,GLUT,-1
495,720575940653028257,central,,,,IB032,IB032,right,,GLUT,-1
496,720575940654661281,central,DAN,,,PAM01,PAM01,right,,DA,1
497,720575940659489153,central,,,CB3469,,CB3469,left,,ACH,1
498,720575940659536257,central,Kenyon_Cell,,KCab,KCab-s,KCab,right,,ACH,1
499,720575940661138817,central,,,CB3402,,CB3402,left,,ACH,1
